{
  "name": "harbor-port-operations-management",
  "private": true,
  "version": "1.0.0",
  "type": "module",
  "scripts": {
    "dev": "concurrently \"npm run dev:server\" \"npm run dev:client\"",
    "dev:client": "vite",
    "dev:server": "tsx watch server/index.ts",
    "build": "npm run db:push && vite build",
    "build:client": "vite build",
    "build:server": "tsc --project tsconfig.node.json",
    "start": "node server/index.js",
    "lint": "eslint .",
    "preview": "vite preview",
    "db:generate": "drizzle-kit generate",
    "db:push": "drizzle-kit push",
    "db:migrate": "drizzle-kit migrate",
    "db:studio": "drizzle-kit studio"
  },
  "dependencies": {
    "@supabase/supabase-js": "^2.57.4",
    "@types/cors": "^2.8.19",
    "@types/express": "^5.0.3",
    "@types/express-session": "^1.18.2",
    "@types/node": "^24.5.1",
    "@types/passport": "^1.0.17",
    "@types/pg": "^8.15.5",
    "concurrently": "^9.2.1",
    "connect-pg-simple": "^10.0.0",
    "cors": "^2.8.5",
    "dotenv": "^17.2.2",
    "drizzle-kit": "^0.31.4",
    "drizzle-orm": "^0.44.5",
    "express": "^5.1.0",
    "express-session": "^1.18.2",
    "lucide-react": "^0.344.0",
    "passport": "^0.7.0",
    "pg": "^8.16.3",
    "react": "^18.3.1",
    "react-dom": "^18.3.1",
    "tsx": "^4.20.5"
  },
  "devDependencies": {
    "@eslint/js": "^9.9.1",
    "@types/react": "^18.3.5",
    "@types/react-dom": "^18.3.0",
    "@vitejs/plugin-react": "^4.3.1",
    "autoprefixer": "^10.4.18",
    "eslint": "^9.9.1",
    "eslint-plugin-react-hooks": "^5.1.0-rc.0",
    "eslint-plugin-react-refresh": "^0.4.11",
    "globals": "^15.9.0",
    "postcss": "^8.4.35",
    "serve": "^14.2.5",
    "tailwindcss": "^3.4.1",
    "typescript": "^5.5.3",
    "typescript-eslint": "^8.3.0",
    "vite": "^5.4.2"
  }
}
