{
  "name": "workspace",
  "version": "1.0.0",
  "lockfileVersion": 3,
  "requires": true,
  "packages": {
    "": {
      "name": "workspace",
      "version": "1.0.0",
      "license": "ISC",
      "dependencies": {
        "@types/memoizee": "^0.4.12",
        "memoizee": "^0.4.17",
        "openid-client": "^6.8.0"
      }
    },
    "node_modules/@types/memoizee": {
      "version": "0.4.12",
      "resolved": "https://registry.npmjs.org/@types/memoizee/-/memoizee-0.4.12.tgz",
      "integrity": "sha512-EdtpwNYNhe3kZ+4TlXj/++pvBoU0KdrAICMzgI7vjWgu9sIvvUhu9XR8Ks4L6Wh3sxpZ22wkZR7yCLAqUjnZuQ==",
      "license": "MIT"
    },
    "node_modules/d": {
      "version": "1.0.2",
      "resolved": "https://registry.npmjs.org/d/-/d-1.0.2.tgz",
      "integrity": "sha512-MOqHvMWF9/9MX6nza0KgvFH4HpMU0EF5uUDXqX/BtxtU8NfB0QzRtJ8Oe/6SuS4kbhyzVJwjd97EA4PKrzJ8bw==",
      "license": "ISC",
      "dependencies": {
        "es5-ext": "^0.10.64",
        "type": "^2.7.2"
      },
      "engines": {
        "node": ">=0.12"
      }
    },
    "node_modules/es5-ext": {
      "version": "0.10.64",
      "resolved": "https://registry.npmjs.org/es5-ext/-/es5-ext-0.10.64.tgz",
      "integrity": "sha512-p2snDhiLaXe6dahss1LddxqEm+SkuDvV8dnIQG0MWjyHpcMNfXKPE+/Cc0y+PhxJX3A4xGNeFCj5oc0BUh6deg==",
      "hasInstallScript": true,
      "license": "ISC",
      "dependencies": {
        "es6-iterator": "^2.0.3",
        "es6-symbol": "^3.1.3",
        "esniff": "^2.0.1",
        "next-tick": "^1.1.0"
      },
      "engines": {
        "node": ">=0.10"
      }
    },
    "node_modules/es6-iterator": {
      "version": "2.0.3",
      "resolved": "https://registry.npmjs.org/es6-iterator/-/es6-iterator-2.0.3.tgz",
      "integrity": "sha512-zw4SRzoUkd+cl+ZoE15A9o1oQd920Bb0iOJMQkQhl3jNc03YqVjAhG7scf9C5KWRU/R13Orf588uCC6525o02g==",
      "license": "MIT",
      "dependencies": {
        "d": "1",
        "es5-ext": "^0.10.35",
        "es6-symbol": "^3.1.1"
      }
    },
    "node_modules/es6-symbol": {
      "version": "3.1.4",
      "resolved": "https://registry.npmjs.org/es6-symbol/-/es6-symbol-3.1.4.tgz",
      "integrity": "sha512-U9bFFjX8tFiATgtkJ1zg25+KviIXpgRvRHS8sau3GfhVzThRQrOeksPeT0BWW2MNZs1OEWJ1DPXOQMn0KKRkvg==",
      "license": "ISC",
      "dependencies": {
        "d": "^1.0.2",
        "ext": "^1.7.0"
      },
      "engines": {
        "node": ">=0.12"
      }
    },
    "node_modules/es6-weak-map": {
      "version": "2.0.3",
      "resolved": "https://registry.npmjs.org/es6-weak-map/-/es6-weak-map-2.0.3.tgz",
      "integrity": "sha512-p5um32HOTO1kP+w7PRnB+5lQ43Z6muuMuIMffvDN8ZB4GcnjLBV6zGStpbASIMk4DCAvEaamhe2zhyCb/QXXsA==",
      "license": "ISC",
      "dependencies": {
        "d": "1",
        "es5-ext": "^0.10.46",
        "es6-iterator": "^2.0.3",
        "es6-symbol": "^3.1.1"
      }
    },
    "node_modules/esniff": {
      "version": "2.0.1",
      "resolved": "https://registry.npmjs.org/esniff/-/esniff-2.0.1.tgz",
      "integrity": "sha512-kTUIGKQ/mDPFoJ0oVfcmyJn4iBDRptjNVIzwIFR7tqWXdVI9xfA2RMwY/gbSpJG3lkdWNEjLap/NqVHZiJsdfg==",
      "license": "ISC",
      "dependencies": {
        "d": "^1.0.1",
        "es5-ext": "^0.10.62",
        "event-emitter": "^0.3.5",
        "type": "^2.7.2"
      },
      "engines": {
        "node": ">=0.10"
      }
    },
    "node_modules/event-emitter": {
      "version": "0.3.5",
      "resolved": "https://registry.npmjs.org/event-emitter/-/event-emitter-0.3.5.tgz",
      "integrity": "sha512-D9rRn9y7kLPnJ+hMq7S/nhvoKwwvVJahBi2BPmx3bvbsEdK3W9ii8cBSGjP+72/LnM4n6fo3+dkCX5FeTQruXA==",
      "license": "MIT",
      "dependencies": {
        "d": "1",
        "es5-ext": "~0.10.14"
      }
    },
    "node_modules/ext": {
      "version": "1.7.0",
      "resolved": "https://registry.npmjs.org/ext/-/ext-1.7.0.tgz",
      "integrity": "sha512-6hxeJYaL110a9b5TEJSj0gojyHQAmA2ch5Os+ySCiA1QGdS697XWY1pzsrSjqA9LDEEgdB/KypIlR59RcLuHYw==",
      "license": "ISC",
      "dependencies": {
        "type": "^2.7.2"
      }
    },
    "node_modules/is-promise": {
      "version": "2.2.2",
      "resolved": "https://registry.npmjs.org/is-promise/-/is-promise-2.2.2.tgz",
      "integrity": "sha512-+lP4/6lKUBfQjZ2pdxThZvLUAafmZb8OAxFb8XXtiQmS35INgr85hdOGoEs124ez1FCnZJt6jau/T+alh58QFQ==",
      "license": "MIT"
    },
    "node_modules/jose": {
      "version": "6.1.0",
      "resolved": "https://registry.npmjs.org/jose/-/jose-6.1.0.tgz",
      "integrity": "sha512-TTQJyoEoKcC1lscpVDCSsVgYzUDg/0Bt3WE//WiTPK6uOCQC2KZS4MpugbMWt/zyjkopgZoXhZuCi00gLudfUA==",
      "license": "MIT",
      "funding": {
        "url": "https://github.com/sponsors/panva"
      }
    },
    "node_modules/lru-queue": {
      "version": "0.1.0",
      "resolved": "https://registry.npmjs.org/lru-queue/-/lru-queue-0.1.0.tgz",
      "integrity": "sha512-BpdYkt9EvGl8OfWHDQPISVpcl5xZthb+XPsbELj5AQXxIC8IriDZIQYjBJPEm5rS420sjZ0TLEzRcq5KdBhYrQ==",
      "license": "MIT",
      "dependencies": {
        "es5-ext": "~0.10.2"
      }
    },
    "node_modules/memoizee": {
      "version": "0.4.17",
      "resolved": "https://registry.npmjs.org/memoizee/-/memoizee-0.4.17.tgz",
      "integrity": "sha512-DGqD7Hjpi/1or4F/aYAspXKNm5Yili0QDAFAY4QYvpqpgiY6+1jOfqpmByzjxbWd/T9mChbCArXAbDAsTm5oXA==",
      "license": "ISC",
      "dependencies": {
        "d": "^1.0.2",
        "es5-ext": "^0.10.64",
        "es6-weak-map": "^2.0.3",
        "event-emitter": "^0.3.5",
        "is-promise": "^2.2.2",
        "lru-queue": "^0.1.0",
        "next-tick": "^1.1.0",
        "timers-ext": "^0.1.7"
      },
      "engines": {
        "node": ">=0.12"
      }
    },
    "node_modules/next-tick": {
      "version": "1.1.0",
      "resolved": "https://registry.npmjs.org/next-tick/-/next-tick-1.1.0.tgz",
      "integrity": "sha512-CXdUiJembsNjuToQvxayPZF9Vqht7hewsvy2sOWafLvi2awflj9mOC6bHIg50orX8IJvWKY9wYQ/zB2kogPslQ==",
      "license": "ISC"
    },
    "node_modules/oauth4webapi": {
      "version": "3.8.1",
      "resolved": "https://registry.npmjs.org/oauth4webapi/-/oauth4webapi-3.8.1.tgz",
      "integrity": "sha512-olkZDELNycOWQf9LrsELFq8n05LwJgV8UkrS0cburk6FOwf8GvLam+YB+Uj5Qvryee+vwWOfQVeI5Vm0MVg7SA==",
      "license": "MIT",
      "funding": {
        "url": "https://github.com/sponsors/panva"
      }
    },
    "node_modules/openid-client": {
      "version": "6.8.0",
      "resolved": "https://registry.npmjs.org/openid-client/-/openid-client-6.8.0.tgz",
      "integrity": "sha512-oG1d1nAVhIIE+JSjLS+7E9wY1QOJpZltkzlJdbZ7kEn7Hp3hqur2TEeQ8gLOHoHkhbRAGZJKoOnEQcLOQJuIyg==",
      "license": "MIT",
      "dependencies": {
        "jose": "^6.1.0",
        "oauth4webapi": "^3.8.1"
      },
      "funding": {
        "url": "https://github.com/sponsors/panva"
      }
    },
    "node_modules/timers-ext": {
      "version": "0.1.8",
      "resolved": "https://registry.npmjs.org/timers-ext/-/timers-ext-0.1.8.tgz",
      "integrity": "sha512-wFH7+SEAcKfJpfLPkrgMPvvwnEtj8W4IurvEyrKsDleXnKLCDw71w8jltvfLa8Rm4qQxxT4jmDBYbJG/z7qoww==",
      "license": "ISC",
      "dependencies": {
        "es5-ext": "^0.10.64",
        "next-tick": "^1.1.0"
      },
      "engines": {
        "node": ">=0.12"
      }
    },
    "node_modules/type": {
      "version": "2.7.3",
      "resolved": "https://registry.npmjs.org/type/-/type-2.7.3.tgz",
      "integrity": "sha512-8j+1QmAbPvLZow5Qpi6NCaN8FB60p/6x8/vfNqOk/hC+HuvFZhL4+WfekuhQLiqFZXOgQdrs3B+XxEmCc6b3FQ==",
      "license": "ISC"
    }
  }
}
